4000,600,4000,190,4000,-220
4010,600.05,4014.1,190.07,4018.2,-219.91
4020,600.2,4028.2,190.28,4036.4,-219.64
4030,600.45,4042.3,190.63,4054.6,-219.18
4040,600.8,4056.4,191.13,4072.8,-218.54
4050,601.25,4070.5,191.76,4091,-217.73
4060,601.8,4084.5,192.54,4109.1,-216.72
4069.9,602.45,4098.6,193.45,4127.3,-215.54
4079.9,603.2,4112.7,194.51,4145.4,-214.18
4089.9,604.05,4126.7,195.71,4163.6,-212.63
4099.8,605,4140.8,197.04,4181.7,-210.91
4109.8,606.04,4154.8,198.52,4199.8,-209
4119.7,607.19,4168.8,200.14,4217.9,-206.91
4129.6,608.44,4182.8,201.9,4235.9,-204.64
4139.5,609.78,4196.8,203.8,4254,-202.19
4149.4,611.23,4210.7,205.83,4272,-199.56
4159.3,612.77,4224.6,208.01,4290,-196.75
4169.2,614.42,4238.5,210.33,4307.9,-193.76
4179,616.16,4252.4,212.78,4325.8,-190.6
4188.9,618,4266.3,215.37,4343.7,-187.25
4198.7,619.93,4280.1,218.11,4361.6,-183.72
4208.5,621.97,4293.9,220.98,4379.4,-180.02
4218.2,624.1,4307.7,223.98,4397.2,-176.13
4228,626.33,4321.4,227.13,4414.9,-172.07
4237.7,628.66,4335.2,230.41,4432.6,-167.84
4247.4,631.09,4348.8,233.83,4450.3,-163.42
4257.1,633.61,4362.5,237.39,4467.9,-158.83
4266.7,636.23,4376.1,241.08,4485.5,-154.06
4276.4,638.94,4389.7,244.91,4503,-149.12
4286,641.76,4403.2,248.88,4520.4,-144
4295.5,644.66,4416.7,252.98,4537.8,-138.71
4305.1,647.67,4430.1,257.21,4555.2,-133.25
4314.6,650.76,4443.5,261.58,4572.5,-127.61
4324,653.96,4456.9,266.08,4589.8,-121.8
4333.5,657.25,4470.2,270.72,4606.9,-115.81
4342.9,660.63,4483.5,275.48,4624.1,-109.66
4352.3,664.1,4496.7,280.39,4641.1,-103.33
4361.6,667.67,4509.9,285.42,4658.1,-96.836
4370.9,671.34,4523,290.58,4675.1,-90.17
4380.2,675.09,4536.1,295.88,4691.9,-83.334
4389.4,678.94,4549.1,301.3,4708.7,-76.331
4398.6,682.88,4562,306.86,4725.5,-69.16
4407.8,686.91,4574.9,312.54,4742.1,-61.822
4416.9,691.03,4587.8,318.36,4758.7,-54.318
4425.9,695.25,4600.6,324.3,4775.2,-46.648
4435,699.55,4613.3,330.37,4791.6,-38.814
4443.9,703.95,4626,336.57,4808,-30.816
4452.9,708.43,4638.6,342.89,4824.3,-22.654
4461.8,713.01,4651.1,349.34,4840.4,-14.331
4470.6,717.67,4663.6,355.91,4856.5,-5.8458
4479.4,722.42,4676,362.61,4872.6,2.7997
4488.2,727.26,4688.3,369.43,4888.5,11.605
4496.9,732.18,4700.6,376.37,4904.3,20.569
4505.5,737.19,4712.8,383.44,4920.1,29.691
4514.1,742.29,4724.9,390.63,4935.7,38.97
4522.7,747.48,4737,397.94,4951.3,48.405
4531.2,752.74,4749,405.37,4966.8,57.996
4539.6,758.1,4760.9,412.92,4982.1,67.74
4548,763.54,4772.7,420.59,4997.4,77.638
4556.4,769.06,4784.5,428.37,5012.6,87.688
4564.6,774.66,4796.1,436.28,5027.6,97.889
4572.9,780.35,4807.7,444.3,5042.6,108.24
4581,786.12,4819.3,452.43,5057.5,118.74
4589.1,791.97,4830.7,460.68,5072.2,129.39
4597.2,797.9,4842,469.04,5086.9,140.19
4605.2,803.92,4853.3,477.52,5101.4,151.13
4613.1,810.01,4864.5,486.11,5115.9,162.21
4621,816.18,4875.6,494.81,5130.2,173.44
4628.8,822.43,4886.6,503.62,5144.4,184.82
4636.5,828.75,4897.5,512.54,5158.5,196.33
4644.2,835.16,4908.3,521.57,5172.5,207.99
4651.8,841.64,4919.1,530.71,5186.3,219.78
4659.4,848.19,4929.7,539.95,5200.1,231.71
4666.9,854.83,4940.3,549.3,5213.7,243.78
4674.3,861.53,4950.7,558.76,5227.2,255.99
4681.6,868.31,4961.1,568.32,5240.6,268.33
4688.9,875.16,4971.4,577.98,5253.8,280.8
4696.1,882.09,4981.6,587.75,5267,293.4
4703.3,889.09,4991.6,597.61,5280,306.14
4710.4,896.15,5001.6,607.58,5292.8,319
4717.4,903.29,5011.5,617.64,5305.6,331.99
4724.3,910.5,5021.2,627.81,5318.2,345.11
4731.1,917.78,5030.9,638.07,5330.7,358.36
4737.9,925.12,5040.5,648.43,5343,371.73
4744.6,932.54,5049.9,658.88,5355.3,385.22
4751.3,940.02,5059.3,669.42,5367.3,398.83
4757.8,947.56,5068.6,680.06,5379.3,412.56
4764.3,955.17,5077.7,690.79,5391.1,426.42
4770.7,962.85,5086.7,701.62,5402.7,440.38
4777.1,970.59,5095.7,712.53,5414.3,454.47
4783.3,978.39,5104.5,723.53,5425.7,468.67
4789.5,986.25,5113.2,734.62,5436.9,482.98
4795.6,994.18,5121.8,745.79,5448,497.41
4801.6,1002.2,5130.3,757.05,5458.9,511.94
4807.6,1010.2,5138.7,768.4,5469.8,526.59
4813.4,1018.3,5146.9,779.83,5480.4,541.34
4819.2,1026.5,5155.1,791.34,5490.9,556.19
4824.9,1034.7,5163.1,802.93,5501.3,571.15
4830.5,1043,5171,814.6,5511.5,586.22
4836,1051.3,5178.8,826.35,5521.6,601.38
4841.5,1059.7,5186.5,838.17,5531.5,616.65
4846.8,1068.1,5194,850.08,5541.2,632.01
4852.1,1076.6,5201.5,862.05,5550.8,647.47
4857.3,1085.2,5208.8,874.11,5560.3,663.03
4862.4,1093.8,5216,886.23,5569.6,678.68
4867.4,1102.4,5223.1,898.42,5578.7,694.42
4872.4,1111.1,5230,910.69,5587.7,710.25
4877.2,1119.9,5236.9,923.02,5596.5,726.17
4882,1128.7,5243.6,935.43,5605.2,742.18
4886.6,1137.5,5250.1,947.9,5613.7,758.28
4891.2,1146.4,5256.6,960.43,5622,774.46
4895.7,1155.3,5262.9,973.03,5630.2,790.72
4900.1,1164.3,5269.1,985.69,5638.2,807.06
4904.4,1173.3,5275.2,998.41,5646,823.48
4908.6,1182.4,5281.2,1011.2,5653.7,839.98
4912.8,1191.5,5287,1024,5661.2,856.55
4916.8,1200.7,5292.7,1036.9,5668.6,873.2
4920.8,1209.8,5298.3,1049.9,5675.8,889.92
4924.6,1219.1,5303.7,1062.9,5682.8,906.72
4928.4,1228.3,5309,1076,5689.6,923.58
4932,1237.6,5314.2,1089.1,5696.3,940.51
4935.6,1247,5319.2,1102.2,5702.8,957.5
4939.1,1256.4,5324.1,1115.5,5709.2,974.56
4942.5,1265.8,5328.9,1128.7,5715.3,991.69
4945.8,1275.2,5333.6,1142,5721.3,1008.9
4949,1284.7,5338.1,1155.4,5727.2,1026.1
4952.1,1294.2,5342.4,1168.8,5732.8,1043.4
4955.1,1303.7,5346.7,1182.2,5738.3,1060.8
4958,1313.3,5350.8,1195.7,5743.6,1078.2
4960.8,1322.9,5354.8,1209.3,5748.7,1095.6
4963.6,1332.5,5358.6,1222.8,5753.7,1113.2
4966.2,1342.1,5362.3,1236.4,5758.5,1130.7
4968.7,1351.8,5365.9,1250.1,5763.1,1148.3
4971.1,1361.5,5369.3,1263.7,5767.5,1166
4973.5,1371.2,5372.6,1277.5,5771.7,1183.7
4975.7,1381,5375.8,1291.2,5775.8,1201.4
4977.9,1390.8,5378.8,1305,5779.7,1219.2
4979.9,1400.6,5381.7,1318.8,5783.4,1237
4981.9,1410.4,5384.4,1332.6,5787,1254.9
4983.7,1420.2,5387,1346.5,5790.3,1272.7
4985.4,1430,5389.5,1360.3,5793.5,1290.7
4987.1,1439.9,5391.8,1374.3,5796.5,1308.6
4988.7,1449.8,5394,1388.2,5799.3,1326.6
4990.1,1459.7,5396,1402.1,5802,1344.6
4991.5,1469.6,5398,1416.1,5804.5,1362.6
4992.7,1479.5,5399.7,1430.1,5806.7,1380.7
4993.9,1489.4,5401.4,1444.1,5808.8,1398.8
4994.9,1499.4,5402.8,1458.1,5810.8,1416.9
4995.9,1509.3,5404.2,1472.2,5812.5,1435
4996.7,1519.3,5405.4,1486.2,5814.1,1453.1
4997.5,1529.3,5406.5,1500.3,5815.4,1471.3
4998.2,1539.2,5407.4,1514.3,5816.6,1489.4
4998.7,1549.2,5408.2,1528.4,5817.7,1507.6
4999.2,1559.2,5408.8,1542.5,5818.5,1525.8
4999.5,1569.2,5409.3,1556.6,5819.1,1544
4999.8,1579.2,5409.7,1570.7,5819.6,1562.2
4999.9,1589.2,5409.9,1584.8,5819.9,1580.4
5000,1599.2,5410,1598.9,5820,1598.6
5000,1609.2,5409.9,1613,5819.9,1616.8
4999.8,1619.2,5409.7,1627.1,5819.7,1634.9
4999.6,1629.2,5409.4,1641.2,5819.2,1653.1
4999.2,1639.2,5408.9,1655.3,5818.6,1671.3
4998.8,1649.2,5408.3,1669.3,5817.8,1689.5
4998.2,1659.2,5407.5,1683.4,5816.8,1707.7
4997.6,1669.1,5406.6,1697.5,5815.6,1725.9
4996.9,1679.1,5405.6,1711.6,5814.3,1744
4996,1689.1,5404.4,1725.6,5812.8,1762.1
4995.1,1699,5403.1,1739.6,5811.1,1780.3
4994,1709,5401.6,1753.7,5809.2,1798.4
4992.9,1718.9,5400,1767.7,5807.1,1816.4
4991.7,1728.8,5398.2,1781.7,5804.8,1834.5
4990.3,1738.8,5396.4,1795.6,5802.4,1852.5
4988.9,1748.7,5394.3,1809.6,5799.8,1870.5
4987.4,1758.5,5392.2,1823.5,5797,1888.5
4985.7,1768.4,5389.9,1837.4,5794,1906.5
4984,1778.2,5387.4,1851.3,5790.9,1924.4
4982.2,1788.1,5384.8,1865.2,5787.5,1942.3
4980.2,1797.9,5382.1,1879,5784,1960.2
4978.2,1807.7,5379.3,1892.8,5780.3,1978
4976.1,1817.5,5376.3,1906.6,5776.4,1995.8
4973.8,1827.2,5373.1,1920.4,5772.4,2013.5
4971.5,1836.9,5369.9,1934.1,5768.2,2031.2
4969.1,1846.6,5366.4,1947.8,5763.8,2048.9
4966.6,1856.3,5362.9,1961.4,5759.2,2066.5
4964,1866,5359.2,1975,5754.4,2084.1
4961.3,1875.6,5355.4,1988.6,5749.5,2101.6
4958.5,1885.2,5351.4,2002.1,5744.4,2119
4955.6,1894.8,5347.4,2015.6,5739.1,2136.5
4952.6,1904.3,5343.1,2029.1,5733.7,2153.8
4949.5,1913.8,5338.8,2042.5,5728.1,2171.1
4946.3,1923.3,5334.3,2055.8,5722.3,2188.4
4943,1932.7,5329.7,2069.2,5716.3,2205.6
4939.6,1942.1,5324.9,2082.4,5710.2,2222.7
4936.2,1951.5,5320,2095.7,5703.8,2239.8
4932.6,1960.9,5315,2108.8,5697.4,2256.8
4929,1970.2,5309.8,2122,5690.7,2273.7
4925.2,1979.5,5304.5,2135,5683.9,2290.6
4921.4,1988.7,5299.1,2148,5676.9,2307.4
4917.4,1997.9,5293.6,2161,5669.7,2324.1
4913.4,2007,5287.9,2173.9,5662.4,2340.8
4909.3,2016.1,5282.1,2186.8,5654.9,2357.4
4905.1,2025.2,5276.2,2199.6,5647.3,2373.9
4900.8,2034.2,5270.1,2212.3,5639.4,2390.3
4896.4,2043.2,5263.9,2225,5631.5,2406.7
4891.9,2052.2,5257.6,2237.6,5623.3,2423
4887.4,2061.1,5251.2,2250.1,5615,2439.2
4882.7,2069.9,5244.6,2262.6,5606.5,2455.3
4878,2078.7,5237.9,2275,5597.9,2471.3
4873.1,2087.5,5231.1,2287.3,5589.1,2487.2
4868.2,2096.2,5224.2,2299.6,5580.2,2503.1
4863.2,2104.8,5217.1,2311.8,5571,2518.8
4858.1,2113.5,5209.9,2324,5561.8,2534.5
4852.9,2122,5202.6,2336,5552.4,2550.1
4847.7,2130.5,5195.2,2348,5542.8,2565.5
4842.3,2139,5187.7,2359.9,5533,2580.9
4836.9,2147.4,5180,2371.8,5523.2,2596.2
4831.4,2155.7,5172.3,2383.5,5513.1,2611.4
4825.8,2164,5164.4,2395.2,5502.9,2626.5
4820.1,2172.2,5156.3,2406.8,5492.6,2641.4
4814.3,2180.4,5148.2,2418.3,5482.1,2656.3
4808.5,2188.5,5140,2429.8,5471.5,2671.1
4802.6,2196.6,5131.6,2441.1,5460.7,2685.7
4796.6,2204.6,5123.2,2452.4,5449.7,2700.3
4790.5,2212.5,5114.6,2463.6,5438.7,2714.7
4784.3,2220.4,5105.9,2474.7,5427.5,2729.1
4778.1,2228.2,5097.1,2485.7,5416.1,2743.3
4771.8,2235.9,5088.2,2496.7,5404.6,2757.4
4765.4,2243.6,5079.2,2507.5,5392.9,2771.4
4758.9,2251.2,5070,2518.2,5381.2,2785.2
4752.3,2258.8,5060.8,2528.9,5369.2,2799
4745.7,2266.3,5051.4,2539.4,5357.2,2812.6
4739,2273.7,5042,2549.9,5345,2826.1
4732.2,2281.1,5032.4,2560.3,5332.7,2839.5
4725.4,2288.3,5022.8,2570.6,5320.2,2852.8
4718.5,2295.6,5013,2580.7,5307.6,2865.9
4711.5,2302.7,5003.2,2590.8,5294.9,2878.9
4711.5,2302.7,5003.2,2590.8,5294.9,2878.9
4701.5,2312.7,4993.2,2600.8,5284.9,2888.9
4691.5,2322.7,4983.2,2610.8,5274.9,2898.9
4681.5,2332.7,4973.2,2620.8,5264.9,2908.9
4671.5,2342.7,4963.2,2630.8,5254.9,2918.9
4661.5,2352.7,4953.2,2640.8,5244.9,2928.9
4651.5,2362.7,4943.2,2650.8,5234.9,2938.9
4641.5,2372.7,4933.2,2660.8,5224.9,2948.9
4631.5,2382.7,4923.2,2670.8,5214.9,2958.9
4621.5,2392.7,4913.2,2680.8,5204.9,2968.9
4611.5,2402.7,4903.2,2690.8,5194.9,2978.9
4601.5,2412.7,4893.2,2700.8,5184.9,2988.9
4591.5,2422.7,4883.2,2710.8,5174.9,2998.9
4581.5,2432.7,4873.2,2720.8,5164.9,3008.9
4571.5,2442.7,4863.2,2730.8,5154.9,3018.9
4561.5,2452.7,4853.2,2740.8,5144.9,3028.9
4551.5,2462.7,4843.2,2750.8,5134.9,3038.9
4541.5,2472.7,4833.2,2760.8,5125,3048.9
4531.5,2482.7,4823.3,2770.8,5115,3058.9
4521.5,2492.7,4813.3,2780.8,5105,3068.9
4511.6,2502.7,4803.3,2790.8,5095,3078.9
4501.6,2512.7,4793.3,2800.8,5085,3088.9
4491.6,2522.7,4783.3,2810.8,5075,3098.9
4481.6,2532.7,4773.3,2820.8,5065,3108.9
4471.6,2542.7,4763.3,2830.8,5055,3118.9
4461.6,2552.7,4753.3,2840.8,5045,3128.9
4451.6,2562.7,4743.3,2850.8,5035,3138.9
4441.6,2572.7,4733.3,2860.8,5025,3148.9
4431.6,2582.7,4723.3,2870.8,5015,3158.9
4421.6,2592.7,4713.3,2880.8,5005,3168.9
4411.6,2602.7,4703.3,2890.8,4995,3178.9
4401.6,2612.7,4693.3,2900.8,4985,3188.9
4391.6,2622.7,4683.3,2910.8,4975,3198.9
4381.6,2632.7,4673.3,2920.8,4965,3208.9
4371.6,2642.7,4663.3,2930.8,4955,3218.9
4361.6,2652.7,4653.3,2940.8,4945,3228.9
4351.6,2662.7,4643.3,2950.8,4935,3238.9
4341.6,2672.7,4633.3,2960.8,4925,3248.9
4331.6,2682.7,4623.3,2970.8,4915,3258.9
4321.6,2692.7,4613.3,2980.8,4905,3268.9
4311.6,2702.7,4603.3,2990.8,4895,3278.9
4301.6,2712.7,4593.3,3000.8,4885.1,3288.9
4291.6,2722.7,4583.3,3010.8,4875.1,3298.9
4281.6,2732.7,4573.4,3020.8,4865.1,3308.9
4271.7,2742.7,4563.4,3030.8,4855.1,3318.9
4261.7,2752.7,4553.4,3040.8,4845.1,3328.9
4251.7,2762.7,4543.4,3050.8,4835.1,3338.9
4241.7,2772.7,4533.4,3060.8,4825.1,3348.9
4231.7,2782.7,4523.4,3070.8,4815.1,3358.9
4221.7,2792.7,4513.4,3080.8,4805.1,3368.9
4211.7,2802.7,4503.4,3090.8,4795.1,3378.9
4201.7,2812.7,4493.4,3100.8,4785.1,3388.9
4191.7,2822.7,4483.4,3110.8,4775.1,3398.9
4181.7,2832.7,4473.4,3120.8,4765.1,3408.9
4171.7,2842.7,4463.4,3130.8,4755.1,3418.9
4161.7,2852.7,4453.4,3140.8,4745.1,3428.9
4151.7,2862.7,4443.4,3150.8,4735.1,3438.9
4141.7,2872.7,4433.4,3160.8,4725.1,3448.9
4131.7,2882.7,4423.4,3170.8,4715.1,3458.9
4121.7,2892.7,4413.4,3180.8,4705.1,3468.9
4111.7,2902.7,4403.4,3190.8,4695.1,3478.9
4101.7,2912.7,4393.4,3200.8,4685.1,3488.9
4091.7,2922.7,4383.4,3210.8,4675.1,3498.9
4081.7,2932.7,4373.4,3220.8,4665.1,3508.9
4071.7,2942.7,4363.4,3230.8,4655.1,3518.9
4061.7,2952.7,4353.4,3240.8,4645.1,3528.9
4051.7,2962.7,4343.4,3250.8,4635.2,3538.9
4041.7,2972.7,4333.4,3260.8,4625.2,3548.9
4031.7,2982.7,4323.5,3270.8,4615.2,3558.9
4025,2980,4300,3290,4550.2,3600
3280,2980,3000,3290,2850,3600
3265.8,2975.1,2981,3264.4,2696.6,3553.6
3255.8,2965.1,2971.1,3254.4,2686.7,3543.6
3245.9,2955.1,2961.2,3244.4,2676.8,3533.6
3235.9,2945.1,2951.3,3234.4,2666.9,3523.6
3225.9,2935.1,2941.3,3224.4,2657,3513.6
3216,2925.1,2931.4,3214.4,2647.1,3503.6
3206,2915.1,2921.5,3204.4,2637.2,3493.6
3196,2905.1,2911.5,3194.4,2627.3,3483.6
3186.1,2895.1,2901.6,3184.4,2617.4,3473.6
3176.1,2885.1,2891.7,3174.4,2607.5,3463.6
3166.1,2875.1,2881.7,3164.4,2597.6,3453.6
3156.2,2865.1,2871.8,3154.4,2587.7,3443.6
3146.2,2855.1,2861.9,3144.4,2577.8,3433.6
3136.2,2845.1,2851.9,3134.4,2567.9,3423.6
3126.3,2835.1,2842,3124.4,2558,3413.6
3116.3,2825.1,2832.1,3114.4,2548.1,3403.6
3106.3,2815.1,2822.2,3104.4,2538.2,3393.6
3096.4,2805.1,2812.2,3094.4,2528.4,3383.6
3086.4,2795.1,2802.3,3084.4,2518.5,3373.6
3076.4,2785.1,2792.4,3074.4,2508.6,3363.6
3066.5,2775.1,2782.4,3064.4,2498.7,3353.6
3056.5,2765.1,2772.5,3054.4,2488.8,3343.6
3046.5,2755.1,2762.6,3044.4,2478.9,3333.6
3036.6,2745.1,2752.6,3034.4,2469,3323.6
3026.6,2735.1,2742.7,3024.4,2459.1,3313.6
3016.6,2725.1,2732.8,3014.4,2449.2,3303.6
3006.7,2715.1,2722.8,3004.4,2439.3,3293.6
2996.7,2705.1,2712.9,2994.4,2429.4,3283.6
2986.7,2695.1,2703,2984.4,2419.5,3273.6
2976.8,2685.1,2693.1,2974.4,2409.6,3263.6
2966.8,2675.1,2683.1,2964.4,2399.7,3253.6
2956.9,2665.1,2673.2,2954.4,2389.8,3243.6
2946.9,2655.1,2663.3,2944.4,2379.9,3233.6
2936.9,2645.1,2653.3,2934.4,2370,3223.6
2927,2635.1,2643.4,2924.4,2360.1,3213.6
2917,2625.1,2633.5,2914.4,2350.3,3203.6
2907,2615.1,2623.5,2904.4,2340.4,3193.6
2819.8,2527.6,2578.8,2859.3,2337.8,3191
2805,2517,2567.3,2851.1,2329.7,3185.1
2790.1,2506.5,2555.8,2842.9,2321.5,3179.4
2775.1,2496.2,2544.2,2834.9,2313.3,3173.7
2760,2486,2532.5,2827.1,2305,3168.1
2744.8,2476,2520.7,2819.3,2296.6,3162.6
2729.6,2466.1,2508.9,2811.6,2288.2,3157.2
2714.2,2456.4,2497,2804.1,2279.8,3151.9
2698.7,2446.8,2485,2796.7,2271.3,3146.6
2683.1,2437.4,2472.9,2789.4,2262.7,3141.4
2667.4,2428.1,2460.8,2782.2,2254.1,3136.3
2651.7,2419.1,2448.5,2775.2,2245.4,3131.3
2635.8,2410.1,2436.3,2768.3,2236.7,3126.4
2619.9,2401.3,2423.9,2761.5,2227.9,3121.6
2603.8,2392.7,2411.5,2754.8,2219.1,3116.9
2587.7,2384.3,2399,2748.2,2210.3,3112.2
2571.5,2376,2386.5,2741.8,2201.4,3107.7
2555.2,2367.8,2373.8,2735.5,2192.4,3103.2
2538.9,2359.9,2361.2,2729.3,2183.5,3098.8
2522.4,2352.1,2348.4,2723.3,2174.4,3094.5
2505.9,2344.4,2335.6,2717.4,2165.3,3090.3
2489.3,2336.9,2322.8,2711.6,2156.2,3086.2
2472.7,2329.6,2309.9,2705.9,2147.1,3082.2
2455.9,2322.5,2296.9,2700.4,2137.9,3078.3
2439.1,2315.5,2283.9,2695,2128.6,3074.5
2422.2,2308.7,2270.8,2689.7,2119.4,3070.7
2405.3,2302.1,2257.7,2684.6,2110,3067.1
2388.3,2295.6,2244.5,2679.6,2100.7,3063.5
2371.2,2289.3,2231.3,2674.7,2091.3,3060.1
2354.1,2283.2,2218,2669.9,2081.9,3056.7
2336.9,2277.2,2204.7,2665.3,2072.5,3053.4
2319.6,2271.4,2191.3,2660.8,2063,3050.2
2302.3,2265.8,2177.9,2656.5,2053.5,3047.2
2284.9,2260.4,2164.4,2652.3,2043.9,3044.2
2267.5,2255.1,2150.9,2648.2,2034.3,3041.3
2250,2250,2137.4,2644.3,2024.7,3038.5
2232.5,2245.1,2123.8,2640.5,2015.1,3035.8
2214.9,2240.4,2110.2,2636.8,2005.5,3033.2
2197.3,2235.8,2096.5,2633.2,1995.8,3030.7
2179.6,2231.4,2082.9,2629.9,1986.1,3028.3
2161.9,2227.2,2069.1,2626.6,1976.3,3026
2144.2,2223.2,2055.4,2623.5,1966.6,3023.7
2126.4,2219.3,2041.6,2620.5,1956.8,3021.6
2108.6,2215.7,2027.8,2617.6,1947,3019.6
2090.7,2212.2,2014,2614.9,1937.2,3017.7
2072.8,2208.9,2000.1,2612.4,1927.4,3015.9
2054.9,2205.7,1986.2,2609.9,1917.5,3014.1
2036.9,2202.8,1972.3,2607.6,1907.7,3012.5
2019,2200,1958.4,2605.5,1897.8,3011
2000.9,2197.4,1944.4,2603.5,1887.9,3009.6
1982.9,2195,1930.4,2601.6,1878,3008.2
1964.8,2192.7,1916.4,2599.9,1868,3007
1946.8,2190.7,1902.4,2598.3,1858.1,3005.9
1928.7,2188.8,1888.4,2596.8,1848.2,3004.8
1910.5,2187.1,1874.4,2595.5,1838.2,3003.9
1892.4,2185.6,1860.3,2594.3,1828.2,3003.1
1874.2,2184.2,1846.3,2593.3,1818.3,3002.3
1856.1,2183.1,1832.2,2592.4,1808.3,3001.7
1837.9,2182.1,1818.1,2591.6,1798.3,3001.2
1819.7,2181.3,1804,2591,1788.3,3000.7
1801.5,2180.7,1789.9,2590.6,1778.3,3000.4
1783.3,2180.3,1775.8,2590.2,1768.3,3000.2
1765.1,2180.1,1761.7,2590,1758.3,3000
1746.9,2180,1747.6,2590,1748.3,3000
1728.7,2180.1,1733.5,2590.1,1738.3,3000.1
1710.5,2180.4,1719.4,2590.3,1728.3,3000.2
1692.3,2180.9,1705.3,2590.7,1718.3,3000.5
1674.2,2181.6,1691.2,2591.2,1708.3,3000.9
1656,2182.4,1677.2,2591.9,1698.3,3001.3
1637.8,2183.5,1663.1,2592.7,1688.4,3001.9
1619.7,2184.7,1649,2593.6,1678.4,3002.6
1601.5,2186.1,1635,2594.7,1668.4,3003.3
1583.4,2187.6,1620.9,2595.9,1658.4,3004.2
1565.3,2189.4,1606.9,2597.3,1648.5,3005.2
1547.2,2191.3,1592.9,2598.8,1638.6,3006.2
1529.1,2193.5,1578.9,2600.4,1628.6,3007.4
1511,2195.8,1564.9,2602.2,1618.7,3008.7
1493,2198.2,1550.9,2604.1,1608.8,3010
1475,2200.9,1536.9,2606.2,1598.9,3011.5
1457,2203.7,1523,2608.4,1589,3013
1439.1,2206.8,1509.1,2610.7,1579.2,3014.7
1421.2,2210,1495.2,2613.2,1569.3,3016.5
1403.3,2213.3,1481.4,2615.8,1559.5,3018.3
1385.4,2216.9,1467.6,2618.6,1549.7,3020.3
1367.6,2220.6,1453.8,2621.5,1539.9,3022.3
1349.8,2224.5,1440,2624.5,1530.1,3024.5
1332.1,2228.6,1426.2,2627.7,1520.4,3026.7
1314.4,2232.9,1412.5,2631,1510.7,3029.1
1296.8,2237.3,1398.9,2634.4,1501,3031.5
1279.2,2242,1385.2,2638,1491.3,3034
1261.6,2246.8,1371.6,2641.7,1481.6,3036.7
1244.1,2251.7,1358.1,2645.6,1472,3039.4
1226.6,2256.9,1344.5,2649.6,1462.4,3042.2
1209.2,2262.2,1331.1,2653.7,1452.9,3045.2
1191.9,2267.7,1317.6,2657.9,1443.3,3048.2
1174.6,2273.4,1304.2,2662.3,1433.8,3051.3
1157.3,2279.2,1290.9,2666.9,1424.4,3054.5
1140.2,2285.2,1277.5,2671.5,1414.9,3057.8
1123.1,2291.4,1264.3,2676.3,1405.5,3061.2
1106,2297.7,1251.1,2681.2,1396.2,3064.7
1089,2304.3,1237.9,2686.3,1386.8,3068.3
1072.1,2311,1224.8,2691.5,1377.5,3072
1055.2,2317.8,1211.7,2696.8,1368.3,3075.7
1038.4,2324.9,1198.7,2702.2,1359,3079.6
1021.7,2332.1,1185.8,2707.8,1349.8,3083.6
1005.1,2339.4,1172.9,2713.5,1340.7,3087.6
988.51,2347,1160.1,2719.3,1331.6,3091.7
972.02,2354.7,1147.3,2725.3,1322.5,3096
955.61,2362.5,1134.6,2731.4,1313.5,3100.3
939.27,2370.5,1121.9,2737.6,1304.5,3104.7
923.02,2378.7,1109.3,2744,1295.6,3109.2
906.85,2387.1,1096.8,2750.4,1286.7,3113.8
890.76,2395.6,1084.3,2757,1277.9,3118.5
874.76,2404.3,1071.9,2763.7,1269.1,3123.2
858.85,2413.1,1059.6,2770.6,1260.4,3128.1
843.02,2422.1,1047.3,2777.6,1251.7,3133
827.29,2431.2,1035.2,2784.6,1243,3138
811.65,2440.5,1023,2791.9,1234.4,3143.2
796.1,2450,1011,2799.2,1225.9,3148.4
780.65,2459.6,999.02,2806.6,1217.4,3153.6
765.29,2469.4,987.12,2814.2,1209,3159
750.04,2479.3,975.3,2821.9,1200.6,3164.5
734.88,2489.4,963.56,2829.7,1192.2,3170
719.83,2499.6,951.9,2837.6,1184,3175.6
704.87,2510,940.31,2845.7,1175.8,3181.3
690.03,2520.5,928.81,2853.8,1167.6,3187.1
675.29,2531.2,917.39,2862.1,1159.5,3193
660.65,2542,906.05,2870.5,1151.5,3198.9
646.13,2553,894.8,2879,1143.5,3204.9
631.71,2564.1,883.63,2887.6,1135.6,3211
617.41,2575.3,872.55,2896.3,1127.7,3217.2
603.22,2586.7,861.56,2905.1,1119.9,3223.5
589.14,2598.3,850.66,2914.1,1112.2,3229.8
575.18,2610,839.84,2923.1,1104.5,3236.2
561.34,2621.8,829.12,2932.3,1096.9,3242.7
547.62,2633.7,818.49,2941.5,1089.4,3249.3
534.02,2645.8,807.95,2950.9,1081.9,3255.9
520.54,2658.1,797.5,2960.4,1074.5,3262.7
507.18,2670.4,787.16,2969.9,1067.1,3269.5
493.95,2682.9,776.9,2979.6,1059.9,3276.3
480.84,2695.5,766.75,2989.4,1052.7,3283.3
467.86,2708.3,756.69,2999.3,1045.5,3290.3
467.11,2707.1,757.02,2997,1046.9,3286.9
460,2714.1,747,3006.9,1034,3299.7
452.82,2721.1,736.88,3016.8,1020.9,3312.4
445.58,2728,726.67,3026.5,1007.8,3325
438.26,2734.8,716.35,3036.1,994.44,3337.4
430.88,2741.6,705.94,3045.6,981.01,3349.6
423.43,2748.2,695.44,3055,967.45,3361.8
415.92,2754.8,684.84,3064.3,953.77,3373.8
408.34,2761.4,674.16,3073.5,939.97,3385.7
400.69,2767.8,663.37,3082.6,926.06,3397.4
392.98,2774.2,652.5,3091.6,912.03,3409
385.21,2780.5,641.54,3100.4,897.88,3420.4
377.37,2786.7,630.5,3109.2,883.62,3431.7
369.47,2792.8,619.36,3117.9,869.24,3442.9
361.52,2798.9,608.14,3126.4,854.76,3453.9
353.5,2804.8,596.83,3134.8,840.17,3464.8
345.42,2810.7,585.44,3143.1,825.46,3475.5
337.28,2816.5,573.97,3151.3,810.66,3486.1
329.09,2822.3,562.42,3159.4,795.74,3496.5
320.84,2827.9,550.78,3167.4,780.73,3506.8
312.53,2833.5,539.07,3175.2,765.61,3517
304.17,2839,527.28,3183,750.39,3526.9
295.75,2844.4,515.41,3190.6,735.07,3536.8
287.28,2849.7,503.47,3198.1,719.65,3546.4
278.76,2854.9,491.45,3205.4,704.14,3556
270.18,2860.1,479.36,3212.7,688.53,3565.3
261.56,2865.1,467.2,3219.8,672.83,3574.5
252.88,2870.1,454.96,3226.8,657.04,3583.6
244.16,2875,442.66,3233.7,641.16,3592.5
235.38,2879.8,430.29,3240.5,625.2,3601.2
226.56,2884.5,417.85,3247.1,609.14,3609.8
217.69,2889.1,405.35,3253.6,593,3618.2
208.78,2893.6,392.78,3260,576.78,3626.4
199.82,2898.1,380.15,3266.3,560.47,3634.5
190.82,2902.4,367.45,3272.4,544.09,3642.4
181.77,2906.7,354.7,3278.5,527.62,3650.2
172.68,2910.9,341.88,3284.3,511.08,3657.8
163.55,2915,329.01,3290.1,494.47,3665.2
154.38,2918.9,316.08,3295.7,477.78,3672.5
145.18,2922.8,303.1,3301.2,461.02,3679.6
135.93,2926.6,290.06,3306.6,444.19,3686.5
126.64,2930.4,276.97,3311.8,427.29,3693.3
117.32,2934,263.82,3316.9,410.32,3699.8
107.96,2937.5,250.63,3321.9,393.29,3706.3
98.571,2940.9,237.39,3326.7,376.2,3712.5
89.145,2944.3,224.09,3331.4,359.04,3718.6
79.686,2947.5,210.76,3336,341.83,3724.5
70.195,2950.7,197.37,3340.4,324.55,3730.2
60.673,2953.7,183.95,3344.8,307.22,3735.8
51.121,2956.7,170.48,3348.9,289.84,3741.2
41.54,2959.5,156.97,3353,272.4,3746.4
31.93,2962.3,143.42,3356.9,254.91,3751.4
22.294,2965,129.83,3360.6,237.37,3756.3
12.631,2967.6,116.21,3364.3,219.79,3761
2.9426,2970,102.55,3367.8,202.16,3765.5
-6.7698,2972.4,88.855,3371.1,184.48,3769.8
-16.506,2974.7,75.127,3374.3,166.76,3774
-26.264,2976.9,61.368,3377.4,149,3777.9
-36.043,2979,47.579,3380.4,131.2,3781.7
-45.843,2981,33.762,3383.2,113.37,3785.4
-55.662,2982.9,19.916,3385.8,95.495,3788.8
-65.5,2984.7,6.0453,3388.4,77.59,3792.1
-75.355,2986.4,-7.8504,3390.8,59.654,3795.2
-85.227,2987.9,-21.769,3393,41.688,3798.1
-95.114,2989.4,-35.71,3395.1,23.693,3800.8
-105.02,2990.8,-49.671,3397.1,5.6724,3803.3
-114.93,2992.1,-63.652,3398.9,-12.373,3805.7
-124.86,2993.3,-77.649,3400.6,-30.441,3807.9
-134.8,2994.5,-91.664,3402.2,-48.53,3809.9
-144.75,2995.5,-105.69,3403.6,-66.639,3811.7
-154.71,2996.4,-119.73,3404.9,-84.764,3813.4
-164.67,2997.2,-133.79,3406,-102.91,3814.8
-174.65,2997.9,-147.85,3407,-121.06,3816.1
-184.63,2998.5,-161.93,3407.8,-139.23,3817.2
-194.62,2999,-176.01,3408.5,-157.4,3818.1
-204.61,2999.4,-190.1,3409.1,-175.59,3818.9
-214.6,2999.7,-204.19,3409.5,-193.78,3819.4
-224.6,2999.9,-218.29,3409.8,-211.98,3819.8
-234.6,3000,-232.39,3410,-230.18,3820
-244.6,3000,-246.49,3410,-248.38,3820
-254.6,2999.9,-260.59,3409.8,-266.57,3819.8
-264.6,2999.7,-274.69,3409.6,-284.77,3819.4
-274.59,2999.4,-288.78,3409.2,-302.96,3818.9
-284.59,2999,-302.87,3408.6,-321.15,3818.2
-294.57,2998.5,-316.95,3407.9,-339.33,3817.3
-304.56,2997.9,-331.03,3407.1,-357.49,3816.2
-314.53,2997.2,-345.09,3406.1,-375.65,3814.9
-324.5,2996.4,-359.15,3405,-393.79,3813.5
-334.46,2995.5,-373.19,3403.7,-411.92,3811.9
-344.41,2994.5,-387.22,3402.3,-430.03,3810.1
-354.35,2993.4,-401.24,3400.8,-448.12,3808.1
-364.28,2992.2,-415.23,3399.1,-466.19,3805.9
-374.2,2991,-429.22,3397.2,-484.24,3803.5
-384.1,2989.6,-443.18,3395.3,-502.26,3801
-393.99,2988.1,-457.12,3393.2,-520.26,3798.3
-403.86,2986.5,-471.04,3390.9,-538.22,3795.4
-413.72,2984.8,-484.94,3388.6,-556.16,3792.3
-423.56,2983,-498.81,3386,-574.07,3789.1
-433.38,2981.1,-512.66,3383.4,-591.94,3785.6
-443.18,2979.1,-526.48,3380.6,-609.78,3782
-452.96,2977.1,-540.27,3377.7,-627.58,3778.3
-462.72,2974.9,-554.03,3374.6,-645.35,3774.3
-472.46,2972.6,-567.76,3371.4,-663.07,3770.1
-482.17,2970.2,-581.46,3368,-680.75,3765.8
-491.86,2967.8,-595.12,3364.5,-698.39,3761.3
-501.52,2965.2,-608.75,3360.9,-715.98,3756.7
-511.16,2962.5,-622.34,3357.2,-733.52,3751.8
-520.78,2959.8,-635.89,3353.3,-751.01,3746.8
-530.36,2956.9,-649.41,3349.3,-768.45,3741.6
-539.91,2954,-662.88,3345.1,-785.84,3736.2
-549.44,2950.9,-676.31,3340.8,-803.18,3730.7
-558.93,2947.8,-689.69,3336.4,-820.46,3725
-568.39,2944.5,-703.03,3331.8,-837.68,3719.1
-577.82,2941.2,-716.33,3327.1,-854.84,3713
-587.22,2937.8,-729.58,3322.3,-871.93,3706.8
-596.58,2934.3,-742.77,3317.3,-888.97,3700.4
-605.9,2930.7,-755.92,3312.2,-905.94,3693.8
-615.19,2926.9,-769.02,3307,-922.85,3687
-624.44,2923.1,-782.06,3301.6,-939.68,3680.1
-633.65,2919.3,-795.05,3296.2,-956.45,3673.1
-642.83,2915.3,-807.98,3290.5,-973.14,3665.8
-651.96,2911.2,-820.86,3284.8,-989.76,3658.4
-661.05,2907,-833.68,3278.9,-1006.3,3650.8
-670.1,2902.8,-846.44,3272.9,-1022.8,3643.1
-679.1,2898.4,-859.14,3266.8,-1039.2,3635.2
-688.07,2894,-871.77,3260.5,-1055.5,3627.1
-696.98,2889.5,-884.35,3254.2,-1071.7,3618.8
-705.86,2884.9,-896.86,3247.7,-1087.9,3610.4
-714.68,2880.2,-909.3,3241,-1103.9,3601.9
-723.46,2875.4,-921.68,3234.3,-1119.9,3593.2
-732.19,2870.5,-933.99,3227.4,-1135.8,3584.3
-740.87,2865.5,-946.22,3220.4,-1151.6,3575.3
-749.5,2860.5,-958.39,3213.3,-1167.3,3566.1
-758.08,2855.3,-970.49,3206,-1182.9,3556.7
-766.6,2850.1,-982.51,3198.7,-1198.4,3547.2
-775.08,2844.8,-994.46,3191.2,-1213.8,3537.5
-783.5,2839.4,-1006.3,3183.6,-1229.2,3527.7
-791.87,2833.9,-1018.1,3175.8,-1244.4,3517.8
-800.18,2828.4,-1029.9,3168,-1259.5,3507.6
-808.43,2822.7,-1041.5,3160,-1274.6,3497.4
-816.63,2817,-1053.1,3152,-1289.5,3486.9
-824.77,2811.2,-1064.5,3143.8,-1304.3,3476.4
-832.86,2805.3,-1075.9,3135.5,-1319,3465.7
-840.88,2799.3,-1087.2,3127.1,-1333.6,3454.8
-848.84,2793.3,-1098.5,3118.5,-1348.1,3443.8
-856.75,2787.2,-1109.6,3109.9,-1362.5,3432.6
-864.59,2781,-1120.7,3101.1,-1376.7,3421.3
-872.36,2774.7,-1131.6,3092.3,-1390.9,3409.9
-880.08,2768.3,-1142.5,3083.3,-1404.9,3398.3
-887.73,2761.9,-1153.3,3074.2,-1418.9,3386.6
-895.32,2755.4,-1164,3065,-1432.7,3374.7
-902.84,2748.8,-1174.6,3055.8,-1446.4,3362.7
-910.29,2742.1,-1185.1,3046.4,-1459.9,3350.6
-917.68,2735.4,-1195.5,3036.9,-1473.4,3338.4
-925,2728.5,-1205.8,3027.2,-1486.7,3326
-932.25,2721.7,-1216.1,3017.5,-1499.9,3313.4
-939.43,2714.7,-1226.2,3007.7,-1513,3300.8
-946.54,2707.7,-1236.2,2997.8,-1525.9,3288
-953.58,2700.6,-1246.2,2987.8,-1538.7,3275
-960.55,2693.4,-1256,2977.7,-1551.4,3262
-967.45,2686.2,-1265.7,2967.5,-1564,3248.8
-974.28,2678.8,-1275.3,2957.2,-1576.4,3235.5
-981.03,2671.5,-1284.9,2946.8,-1588.7,3222.1
-987.71,2664,-1294.3,2936.3,-1600.8,3208.5
-994.31,2656.5,-1303.6,2925.7,-1612.8,3194.9
-1000.8,2648.9,-1312.8,2915,-1624.7,3181.1
-1007.3,2641.3,-1321.9,2904.2,-1636.5,3167.2
-1013.7,2633.6,-1330.9,2893.4,-1648.1,3153.1
-1020,2625.8,-1339.7,2882.4,-1659.5,3139
-1026.2,2618,-1348.5,2871.4,-1670.8,3124.8
-1032.3,2610.1,-1357.2,2860.2,-1682,3110.4
-1038.4,2602.2,-1365.7,2849,-1693.1,3095.9
-1044.4,2594.1,-1374.2,2837.7,-1703.9,3081.3
-987.69,2756.4,-1392.6,2820.6,-1797.6,2884.7
-994.95,2747.4,-1400.5,2807.5,-1806.1,2867.6
-1002.1,2738.2,-1408.3,2794.3,-1814.4,2850.3
-1009.2,2728.9,-1415.9,2780.9,-1822.6,2832.9
-1016.3,2719.5,-1423.4,2767.4,-1830.6,2815.3
-1023.2,2710,-1430.8,2753.8,-1838.5,2797.6
-1030,2700.3,-1438.1,2740,-1846.1,2779.8
-1036.8,2690.5,-1445.2,2726.2,-1853.6,2761.8
-1043.4,2680.6,-1452.2,2712.2,-1861,2743.7
-1050,2670.5,-1459,2698,-1868.1,2725.5
-1056.4,2660.4,-1465.7,2683.8,-1875.1,2707.1
-1062.8,2650.1,-1472.3,2669.4,-1881.9,2688.7
-1069,2639.7,-1478.8,2654.9,-1888.5,2670.1
-1075.2,2629.1,-1485,2640.2,-1894.9,2651.3
-1081.2,2618.5,-1491.2,2625.5,-1901.1,2632.5
-1087.2,2607.7,-1497.2,2610.6,-1907.2,2613.5
-1093,2596.8,-1503,2595.6,-1913,2594.4
-1098.7,2585.8,-1508.7,2580.5,-1918.7,2575.2
-1104.4,2574.7,-1514.3,2565.3,-1924.1,2555.9
-1109.9,2563.4,-1519.6,2550,-1929.4,2536.5
-1115.3,2552.1,-1524.9,2534.5,-1934.5,2516.9
-1120.5,2540.6,-1529.9,2519,-1939.4,2497.3
-1125.7,2529.1,-1534.9,2503.3,-1944.1,2477.5
-1130.7,2517.4,-1539.6,2487.5,-1948.5,2457.7
-1135.6,2505.6,-1544.2,2471.7,-1952.8,2437.7
-1140.4,2493.7,-1548.6,2455.7,-1956.9,2417.6
-1145.1,2481.7,-1552.9,2439.6,-1960.7,2397.5
-1149.6,2469.6,-1557,2423.4,-1964.4,2377.2
-1154,2457.4,-1560.9,2407.2,-1967.8,2356.9
-1158.3,2445.1,-1564.7,2390.8,-1971.1,2336.5
-1162.4,2432.7,-1568.3,2374.3,-1974.1,2315.9
-1166.5,2420.2,-1571.7,2357.8,-1976.9,2295.3
-1170.3,2407.6,-1574.9,2341.1,-1979.5,2274.6
-1174.1,2394.9,-1578,2324.4,-1981.9,2253.8
-1177.7,2382.1,-1580.9,2307.6,-1984,2233
-1181.2,2369.3,-1583.6,2290.7,-1985.9,2212
-1184.5,2356.3,-1586.1,2273.7,-1987.7,2191
-1187.7,2343.2,-1588.4,2256.6,-1989.2,2169.9
-1190.7,2330.1,-1590.6,2239.4,-1990.4,2148.8
-1193.6,2316.8,-1592.5,2222.2,-1991.5,2127.6
-1196.4,2303.5,-1594.3,2204.9,-1992.3,2106.3
-1199,2290.1,-1595.9,2187.5,-1992.9,2084.9
-1201.4,2276.6,-1597.3,2170.1,-1993.3,2063.5
-1203.7,2263.1,-1598.6,2152.6,-1993.4,2042
-1205.9,2249.4,-1599.6,2135,-1993.3,2020.5
-1207.9,2235.7,-1600.4,2117.3,-1993,1998.9
-1209.7,2221.9,-1601.1,2099.6,-1992.4,1977.3
-1211.4,2208,-1601.5,2081.8,-1991.6,1955.6
-1213,2194.1,-1601.8,2064,-1990.6,1933.9
-1214.3,2180.1,-1601.8,2046.1,-1989.3,1912.1
-1215.5,2166,-1601.7,2028.2,-1987.8,1890.3
-1216.6,2151.9,-1601.3,2010.2,-1986.1,1868.4
-1217.5,2137.7,-1600.8,1992.1,-1984.1,1846.6
-1218.2,2123.4,-1600,1974,-1981.9,1824.6
-1218.8,2109.1,-1599.1,1955.9,-1979.4,1802.7
-1219.2,2094.7,-1598,1937.7,-1976.7,1780.7
-1219.4,2080.2,-1596.6,1919.5,-1973.8,1758.7
-1219.5,2065.7,-1595,1901.2,-1970.6,1736.7
-1219.4,2051.2,-1593.3,1882.9,-1967.1,1714.6
-1219.1,2036.6,-1591.3,1864.6,-1963.5,1692.6
-1218.7,2021.9,-1589.1,1846.2,-1959.6,1670.5
-1218.1,2007.2,-1586.7,1827.8,-1955.4,1648.4
-1217.3,1992.5,-1584.1,1809.4,-1951,1626.3
-1216.3,1977.7,-1581.3,1790.9,-1946.3,1604.2
-1215.2,1962.8,-1578.3,1772.5,-1941.4,1582.1
-1213.9,1948,-1575.1,1754,-1936.3,1559.9
-1212.4,1933.1,-1571.6,1735.5,-1930.9,1537.8
-1210.7,1918.1,-1568,1716.9,-1925.2,1515.7
-1208.9,1903.1,-1564.1,1698.4,-1919.3,1493.6
-1206.9,1888.1,-1560,1679.8,-1913.1,1471.5
-1204.7,1873.1,-1555.7,1661.3,-1906.7,1449.5
-1202.3,1858,-1551.2,1642.7,-1900.1,1427.4
-1199.7,1842.9,-1546.5,1624.2,-1893.2,1405.4
-1197,1827.8,-1541.5,1605.6,-1886,1383.3
-1194,1812.7,-1536.3,1587,-1878.6,1361.3
-1190.9,1797.6,-1530.9,1568.5,-1871,1339.4
-1187.6,1782.4,-1525.3,1549.9,-1863.1,1317.4
-1184.2,1767.2,-1519.5,1531.4,-1854.9,1295.5
-1180.5,1752,-1513.5,1512.8,-1846.5,1273.6
-1176.6,1736.8,-1507.2,1494.3,-1837.8,1251.8
-1172.6,1721.6,-1500.7,1475.8,-1828.9,1230
-1168.4,1706.4,-1494,1457.3,-1819.7,1208.2
-1164,1691.2,-1487.1,1438.9,-1810.3,1186.5
-1159.4,1676,-1480,1420.4,-1800.6,1164.9
-1154.6,1660.7,-1472.6,1402,-1790.7,1143.3
-1149.6,1645.5,-1465,1383.6,-1780.5,1121.7
-1144.4,1630.3,-1457.2,1365.3,-1770.1,1100.2
-1139.1,1615.1,-1449.2,1347,-1759.4,1078.8
-1133.5,1599.9,-1441,1328.7,-1748.4,1057.4
-1127.8,1584.8,-1432.5,1310.5,-1737.2,1036.2
-1121.9,1569.6,-1423.8,1292.3,-1725.8,1014.9
-1115.8,1554.5,-1414.9,1274.1,-1714.1,993.77
-1109.4,1539.3,-1405.8,1256,-1702.2,972.69
-1102.9,1524.2,-1396.5,1238,-1690,951.69
-1096.3,1509.2,-1386.9,1220,-1677.5,930.77
-1089.4,1494.1,-1377.1,1202,-1664.8,909.94
-1082.3,1479.1,-1367.1,1184.1,-1651.9,889.2
-1075,1464.1,-1356.9,1166.3,-1638.7,868.54
-1067.6,1449.1,-1346.4,1148.6,-1625.2,847.98
-1059.9,1434.2,-1335.7,1130.9,-1611.6,827.51
-1052.1,1419.3,-1324.8,1113.2,-1597.6,807.14
-1044,1404.5,-1313.7,1095.7,-1583.4,786.88
-1035.8,1389.7,-1302.4,1078.2,-1569,766.72
-1027.4,1375,-1290.9,1060.8,-1554.3,746.67
-1018.8,1360.3,-1279.1,1043.5,-1539.4,726.72
-1010,1345.6,-1267.1,1026.2,-1524.2,706.89
-1001,1331,-1254.9,1009.1,-1508.8,687.18
-991.81,1316.4,-1242.5,992.02,-1493.2,667.59
-982.43,1302,-1229.9,975.04,-1477.3,648.12
-972.87,1287.5,-1217,958.15,-1461.2,628.77
-963.11,1273.2,-1204,941.36,-1444.8,609.55
-953.16,1258.9,-1190.7,924.66,-1428.2,590.47
-943.02,1244.6,-1177.2,908.07,-1411.3,571.51
-932.69,1230.5,-1163.5,891.58,-1394.3,552.7
-922.18,1216.4,-1149.6,875.19,-1376.9,534.02
-911.47,1202.3,-1135.4,858.91,-1359.4,515.48
-900.57,1188.4,-1121.1,842.74,-1341.6,497.09
-889.49,1174.5,-1106.5,826.69,-1323.6,478.85
-878.22,1160.7,-1091.8,810.75,-1305.3,460.76
-866.76,1147,-1076.8,794.92,-1286.9,442.82
-855.12,1133.4,-1061.6,779.22,-1268.2,425.03
-843.29,1119.9,-1046.3,763.65,-1249.2,407.41
-831.27,1106.4,-1030.7,748.2,-1230.1,389.95
-819.07,1093.1,-1014.9,732.88,-1210.7,372.65
-806.69,1079.8,-998.88,717.68,-1191.1,355.52
-794.12,1066.7,-982.68,702.63,-1171.2,338.56
-781.37,1053.6,-966.28,687.71,-1151.2,321.77
-768.44,1040.7,-949.67,672.92,-1130.9,305.16
-755.32,1027.8,-932.87,658.28,-1110.4,288.72
-742.03,1015.1,-915.88,643.79,-1089.7,272.47
-728.56,1002.5,-898.68,629.44,-1068.8,256.4
-714.9,989.95,-881.29,615.23,-1047.7,240.51
-701.07,977.55,-863.71,601.18,-1026.3,224.82
-687.07,965.26,-845.93,587.29,-1004.8,209.31
-672.89,953.09,-827.96,573.55,-983.03,194
-658.53,941.04,-809.8,559.96,-961.06,178.89
-644,929.11,-791.45,546.54,-938.9,163.98
-629.29,917.31,-772.91,533.29,-916.53,149.26
-614.42,905.64,-754.19,520.2,-893.96,134.75
-599.37,894.09,-735.28,507.27,-871.19,120.45
-584.15,882.68,-716.19,494.52,-848.22,106.36
-568.77,871.4,-696.91,481.94,-825.06,92.481
-553.22,860.26,-677.46,469.54,-801.7,78.815
-537.5,849.26,-657.83,457.31,-778.16,65.367
-521.61,838.39,-638.02,445.27,-754.42,52.137
-505.57,827.67,-618.04,433.4,-730.5,39.13
-489.36,817.1,-597.88,421.72,-706.4,26.346
-472.99,806.68,-577.55,410.23,-682.11,13.789
-456.46,796.4,-557.05,398.93,-657.64,1.4613
-439.77,786.27,-536.38,387.82,-632.99,-10.635
-422.92,776.3,-515.55,376.9,-608.17,-22.498
-405.92,766.49,-494.55,366.18,-583.17,-34.125
-388.77,756.83,-473.38,355.66,-558,-45.514
-371.46,747.34,-452.06,345.34,-532.66,-56.662
-354,738,-430.58,335.22,-507.15,-67.567
-336.39,728.83,-408.94,325.3,-481.48,-78.228
-318.63,719.83,-387.14,315.6,-455.65,-88.641
-300.73,711,-365.19,306.1,-429.65,-98.804
-282.68,702.33,-343.09,296.81,-403.5,-108.72
-264.49,693.84,-320.84,287.73,-377.19,-118.37
-246.16,685.53,-298.44,278.88,-350.73,-127.78
-227.69,677.39,-275.9,270.23,-324.12,-136.92
-209.07,669.43,-253.22,261.81,-297.36,-145.81
-190.33,661.65,-230.39,253.61,-270.46,-154.43
-171.44,654.05,-207.43,245.63,-243.41,-162.79
-152.43,646.64,-184.33,237.88,-216.22,-170.88
-133.28,639.41,-161.09,230.35,-188.9,-178.7
-114.01,632.37,-137.72,223.06,-161.44,-186.26
-94.602,625.52,-114.22,215.99,-133.85,-193.54
-75.073,618.86,-90.599,209.16,-106.12,-200.55
-55.421,612.4,-66.848,202.56,-78.276,-207.28
-35.646,606.13,-42.975,196.2,-50.304,-213.74
-15.752,600.06,-18.981,190.07,-22.21,-219.91
0,600,0,190,0,-220
20,600,20,190,20,-220
40,600,40,190,40,-220
60,600,60,190,60,-220
80,600,80,190,80,-220
100,600,100,190,100,-220
120,600,120,190,120,-220
140,600,140,190,140,-220
160,600,160,190,160,-220
180,600,180,190,180,-220
200,600,200,190,200,-220
220,600,220,190,220,-220
240,600,240,190,240,-220
260,600,260,190,260,-220
280,600,280,190,280,-220
300,600,300,190,300,-220
320,600,320,190,320,-220
340,600,340,190,340,-220
360,600,360,190,360,-220
380,600,380,190,380,-220
400,600,400,190,400,-220
420,600,420,190,420,-220
440,600,440,190,440,-220
460,600,460,190,460,-220
480,600,480,190,480,-220
500,600,500,190,500,-220
520,600,520,190,520,-220
540,600,540,190,540,-220
560,600,560,190,560,-220
580,600,580,190,580,-220
600,600,600,190,600,-220
620,600,620,190,620,-220
640,600,640,190,640,-220
660,600,660,190,660,-220
680,600,680,190,680,-220
700,600,700,190,700,-220
720,600,720,190,720,-220
740,600,740,190,740,-220
760,600,760,190,760,-220
780,600,780,190,780,-220
800,600,800,190,800,-220
820,600,820,190,820,-220
840,600,840,190,840,-220
860,600,860,190,860,-220
880,600,880,190,880,-220
900,600,900,190,900,-220
920,600,920,190,920,-220
940,600,940,190,940,-220
960,600,960,190,960,-220
980,600,980,190,980,-220
1000,600,1000,190,1000,-220
1020,600,1020,190,1020,-220
1040,600,1040,190,1040,-220
1060,600,1060,190,1060,-220
1080,600,1080,190,1080,-220
1100,600,1100,190,1100,-220
1120,600,1120,190,1120,-220
1140,600,1140,190,1140,-220
1160,600,1160,190,1160,-220
1180,600,1180,190,1180,-220
1200,600,1200,190,1200,-220
1220,600,1220,190,1220,-220
1240,600,1240,190,1240,-220
1260,600,1260,190,1260,-220
1280,600,1280,190,1280,-220
1300,600,1300,190,1300,-220
1320,600,1320,190,1320,-220
1340,600,1340,190,1340,-220
1360,600,1360,190,1360,-220
1380,600,1380,190,1380,-220
1400,600,1400,190,1400,-220
1420,600,1420,190,1420,-220
1440,600,1440,190,1440,-220
1460,600,1460,190,1460,-220
1480,600,1480,190,1480,-220
1500,600,1500,190,1500,-220
1520,600,1520,190,1520,-220
1540,600,1540,190,1540,-220
1560,600,1560,190,1560,-220
1580,600,1580,190,1580,-220
1600,600,1600,190,1600,-220
1620,600,1620,190,1620,-220
1640,600,1640,190,1640,-220
1660,600,1660,190,1660,-220
1680,600,1680,190,1680,-220
1700,600,1700,190,1700,-220
1720,600,1720,190,1720,-220
1740,600,1740,190,1740,-220
1760,600,1760,190,1760,-220
1780,600,1780,190,1780,-220
1800,600,1800,190,1800,-220
1820,600,1820,190,1820,-220
1840,600,1840,190,1840,-220
1860,600,1860,190,1860,-220
1880,600,1880,190,1880,-220
1900,600,1900,190,1900,-220
1920,600,1920,190,1920,-220
1940,600,1940,190,1940,-220
1960,600,1960,190,1960,-220
1980,600,1980,190,1980,-220
2000,600,2000,190,2000,-220
2020,600,2020,190,2020,-220
2040,600,2040,190,2040,-220
2060,600,2060,190,2060,-220
2080,600,2080,190,2080,-220
2100,600,2100,190,2100,-220
2120,600,2120,190,2120,-220
2140,600,2140,190,2140,-220
2160,600,2160,190,2160,-220
2180,600,2180,190,2180,-220
2200,600,2200,190,2200,-220
2220,600,2220,190,2220,-220
2240,600,2240,190,2240,-220
2260,600,2260,190,2260,-220
2280,600,2280,190,2280,-220
2300,600,2300,190,2300,-220
2320,600,2320,190,2320,-220
2340,600,2340,190,2340,-220
2360,600,2360,190,2360,-220
2380,600,2380,190,2380,-220
2400,600,2400,190,2400,-220
2420,600,2420,190,2420,-220
2440,600,2440,190,2440,-220
2460,600,2460,190,2460,-220
2480,600,2480,190,2480,-220
2500,600,2500,190,2500,-220
2520,600,2520,190,2520,-220
2540,600,2540,190,2540,-220
2560,600,2560,190,2560,-220
2580,600,2580,190,2580,-220
2600,600,2600,190,2600,-220
2620,600,2620,190,2620,-220
2640,600,2640,190,2640,-220
2660,600,2660,190,2660,-220
2680,600,2680,190,2680,-220
2700,600,2700,190,2700,-220
2720,600,2720,190,2720,-220
2740,600,2740,190,2740,-220
2760,600,2760,190,2760,-220
2780,600,2780,190,2780,-220
2800,600,2800,190,2800,-220
2820,600,2820,190,2820,-220
2840,600,2840,190,2840,-220
2860,600,2860,190,2860,-220
2880,600,2880,190,2880,-220
2900,600,2900,190,2900,-220
2920,600,2920,190,2920,-220
2940,600,2940,190,2940,-220
2960,600,2960,190,2960,-220
2980,600,2980,190,2980,-220
3000,600,3000,190,3000,-220
3020,600,3020,190,3020,-220
3040,600,3040,190,3040,-220
3060,600,3060,190,3060,-220
3080,600,3080,190,3080,-220
3100,600,3100,190,3100,-220
3120,600,3120,190,3120,-220
3140,600,3140,190,3140,-220
3160,600,3160,190,3160,-220
3180,600,3180,190,3180,-220
3200,600,3200,190,3200,-220
3220,600,3220,190,3220,-220
3240,600,3240,190,3240,-220
3260,600,3260,190,3260,-220
3280,600,3280,190,3280,-220
3300,600,3300,190,3300,-220
3320,600,3320,190,3320,-220
3340,600,3340,190,3340,-220
3360,600,3360,190,3360,-220
3380,600,3380,190,3380,-220
3400,600,3400,190,3400,-220
3420,600,3420,190,3420,-220
3440,600,3440,190,3440,-220
3460,600,3460,190,3460,-220
3480,600,3480,190,3480,-220
3500,600,3500,190,3500,-220
3520,600,3520,190,3520,-220
3540,600,3540,190,3540,-220
3560,600,3560,190,3560,-220
3580,600,3580,190,3580,-220
3600,600,3600,190,3600,-220
3620,600,3620,190,3620,-220
3640,600,3640,190,3640,-220
3660,600,3660,190,3660,-220
3680,600,3680,190,3680,-220
3700,600,3700,190,3700,-220
3720,600,3720,190,3720,-220
3740,600,3740,190,3740,-220
3760,600,3760,190,3760,-220
3780,600,3780,190,3780,-220
3800,600,3800,190,3800,-220
3820,600,3820,190,3820,-220
3840,600,3840,190,3840,-220
3860,600,3860,190,3860,-220
3880,600,3880,190,3880,-220
3900,600,3900,190,3900,-220
3920,600,3920,190,3920,-220
3940,600,3940,190,3940,-220
3960,600,3960,190,3960,-220
3980,600,3980,190,3980,-220
4000,600,4000,190,4000,-220